Değişken,Gerçek Değer,Tahmin (Median),Alt Sınır (%16),Üst Sınır (%84),Mutlak Hata
μ (Parlaklık),150.0,147.73194204024458,146.3563916266932,149.044166824198,2.2680579597554242
σ (Hata Payı),10.0,9.466896768101341,8.61653042775787,10.518556938822195,0.533103231898659
